desired k,max years,resulting k,subset indices and weights,,,,,,,,,,,,,,,,,,,,,,,,,,,,,,,,,,,,,,,,,,,,
45,5000,45,11,12,34,49,62,68,75,82,86,97,98,100,104,105,106,107,108,109,111,112,116,118,120,145,148,210,217,239,256,338,348,410,426,624,684,1176,1265,1457,1471,1477,1481,1483,1484,1531,1542
,,,0.000296422,0.000294694,0.000789456,0.000283978,0.000798584,0.001057314,0.001277866,0.000346866,0.000212711,0.00063297,0.001483667,0.000832662,0.000148469,1.08E-05,0.000159297,0.00064156,0.000249014,0.00022458,5.71E-05,0.00011904,0.00022458,0.000688216,0.000865236,0.000480555,0.000250369,0.000235408,0.001400815,0.000263213,0.000385912,0.000565631,0.000669673,0.000212711,0.000783635,0.000665769,0.000263351,0.0001827,0.000293127,0.000242259,0.000397447,0.000415412,0.000334253,0.00022458,0.000140218,0.002008031,0.000755141